переводят;1;0,8%
варианты;1;0,8%
Поддерживается;1;0,8%
день;1;0,8%
мире;1;0,8%
частичный;1;0,8%
translate;1;0,8%
языков;1;0,8%
incomplete;1;0,8%
imperfect;1;0,8%
В;1;0,8%
Открыть;1;0,8%
www;1;0,8%
неравнодушный;1;0,8%
Войти;1;0,8%
каждый;1;0,8%
перевода;1;0,8%
незаконченный;1;0,8%
Другие;1;0,8%
приложение;1;0,8%
приложении;1;0,8%
помощью;1;0,8%
Как;1;0,8%
точный;1;0,8%
вам;1;0,8%
выражать;1;0,8%
результаты;1;0,8%
Android;1;0,8%
deepl;1;0,8%
страницы;1;0,8%
Неполный;1;0,8%
фразы;1;0,8%
парциальный;1;0,8%
можно;1;0,8%
partial;1;0,8%
более;1;0,8%
Откройте;1;0,8%
translator;1;0,8%
изъяном;1;0,8%
слова;1;0,8%
поможет;1;0,8%
понимать;1;0,8%
сайта;1;0,8%
Приложение;1;0,8%
прил;1;0,8%
неполноценный;1;0,8%
ваш;1;0,8%
имя;1;0,8%
Самый;1;0,8%
Отзыв;1;0,8%
веб;1;0,8%
Incomplete;1;0,8%
Перевод;1;0,8%
речь;1;0,8%
частный;1;0,8%
Nepolnyy;1;0,8%
переводчик;1;0,8%
mobile;1;0,8%
других;1;0,8%
пользователей;1;0,8%
100;1;0,8%
пристрастный;1;0,8%
Ещё;1;0,8%
Миллионы;1;0,8%
https;2;1,6%
google;2;1,6%
в;2;1,6%
незавершенный;2;1,6%
и;2;1,6%
несовершенный;2;1,6%
переводить;2;1,6%
дефектный;2;1,6%
com;3;2,4%
позволяет;3;2,4%
Бесплатный;3;2,4%
сервис;3;2,4%
Translate;3;2,4%
DeepL;3;2,4%
с;3;2,4%
мгновенно;3;2,4%
неполный;4;3,2%
Переводчик;7;5,6%
Google;11;8,7%
